date,publisher,candidate,sentiment
2020-03-01,NewYorkTimes,trump,0.011237373737373737
2020-03-02,Buzzfeed,biden,0.051984126984127015
2020-03-02,Buzzfeed,buttigieg,-0.04149659863945577
2020-03-02,Buzzfeed,klobuchar,0.05663780663780666
2020-03-02,Buzzfeed,sanders,0.11342279942279943
2020-03-02,Buzzfeed,trump,0.05541786098758885
2020-03-02,Buzzfeed,warren,0.23020833333333335
2020-03-02,NewYorkTimes,klobuchar,0.0719696969696969
2020-03-02,NewYorkTimes,trump,-0.002808790671693866
2020-03-03,Buzzfeed,,0.027559523809523805
2020-03-03,Buzzfeed,biden,0.11134295047985523
2020-03-03,Buzzfeed,bloomberg,0.0757738095238095
2020-03-03,Buzzfeed,buttigieg,0.18263888888888885
2020-03-03,Buzzfeed,klobuchar,0.010999606454151913
2020-03-03,Buzzfeed,sanders,0.22625921201814028
2020-03-03,Buzzfeed,steyer,0.22500000000000003
2020-03-03,Buzzfeed,trump,0.14610389610389604
2020-03-03,Buzzfeed,warren,0.08447951273532664
2020-03-03,Buzzfeed,yang,0.08028030303030306
2020-03-04,Buzzfeed,,0.29999999999999993
2020-03-04,Buzzfeed,biden,0.10773473148473156
2020-03-04,Buzzfeed,bloomberg,0.1316269841269841
2020-03-04,Buzzfeed,buttigieg,0.0
2020-03-04,Buzzfeed,klobuchar,0.3686079545454546
2020-03-04,Buzzfeed,sanders,0.05674603174603175
2020-03-04,Buzzfeed,trump,0.10032312925170075
2020-03-04,Buzzfeed,warren,0.33333333333333337
2020-03-04,Fox,biden,0.08678030303030305
2020-03-04,Fox,bloomberg,0.04937499999999999
2020-03-04,Fox,sanders,0.15260582010582016
2020-03-04,Fox,trump,0.1638888888888889
2020-03-04,Fox,warren,0.14583333333333334
2020-03-05,Buzzfeed,biden,0.1657407407407407
2020-03-05,Buzzfeed,gabbard,0.0
2020-03-05,Buzzfeed,sanders,0.06047773654916513
2020-03-05,Buzzfeed,trump,0.14
2020-03-05,Buzzfeed,warren,0.051961233211233256
2020-03-05,Buzzfeed,yang,0.1803111471861472
2020-03-05,Fox,,0.39999999999999997
2020-03-05,Fox,biden,0.0037037037037037
2020-03-05,Fox,warren,0.06017361111111112
2020-03-06,AP,biden,0.1551661573720398
2020-03-06,AP,bloomberg,0.014814814814814812
2020-03-06,AP,buttigieg,-0.06125000000000002
2020-03-06,AP,gabbard,0.0
2020-03-06,AP,klobuchar,0.05920634920634921
2020-03-06,AP,sanders,0.0
2020-03-06,AP,trump,0.11630787037037038
2020-03-06,AP,warren,0.06818181818181818
2020-03-06,Breitbart,biden,0.034788359788359785
2020-03-06,Breitbart,buttigieg,0.2
2020-03-06,Breitbart,gabbard,0.11414141414141414
2020-03-06,Breitbart,sanders,0.13928571428571426
2020-03-06,Breitbart,trump,0.09930784179240972
2020-03-06,Breitbart,warren,0.059722222222222225
2020-03-06,Buzzfeed,gabbard,0.10183501683501682
2020-03-06,Buzzfeed,trump,-0.0797979797979798
2020-03-06,Fox,biden,-0.09999999999999999
2020-03-06,Fox,bloomberg,-0.041666666666666664
2020-03-06,Fox,gabbard,0.0
2020-03-06,Fox,sanders,0.0
2020-03-06,NewYorkTimes,,-0.062499999999999986
2020-03-06,NewYorkTimes,biden,0.04346655328798187
2020-03-06,NewYorkTimes,bloomberg,0.13636363636363635
2020-03-06,NewYorkTimes,klobuchar,0.0
2020-03-06,NewYorkTimes,sanders,0.05598474400523579
2020-03-07,AP,,0.0
2020-03-07,AP,biden,0.13252039627039633
2020-03-07,AP,bloomberg,0.10113636363636362
2020-03-07,AP,sanders,0.19692028985507246
2020-03-07,AP,trump,0.11289277697611039
2020-03-07,Breitbart,,-0.10496031746031745
2020-03-07,Breitbart,biden,-0.012038866930171272
2020-03-07,Breitbart,bloomberg,-0.03333333333333333
2020-03-07,Breitbart,gabbard,0.017760942760942762
2020-03-07,Breitbart,sanders,0.13324036281179136
2020-03-07,Breitbart,trump,0.04705479778892477
2020-03-07,Breitbart,warren,0.08761904761904761
2020-03-07,Buzzfeed,biden,-0.11111111111111108
2020-03-07,Buzzfeed,sanders,0.15317897798850164
2020-03-07,Fox,biden,-0.06103174603174602
2020-03-07,Fox,gabbard,0.0
2020-03-07,Fox,sanders,0.049999999999999996
2020-03-07,Fox,trump,-0.0058333333333333345
2020-03-07,NBC,,-0.6
2020-03-07,NBC,biden,-0.020527777777777773
2020-03-07,NBC,sanders,0.13302819865319868
2020-03-07,NBC,trump,0.27439236111111115
2020-03-07,NewYorkTimes,,-0.30000000000000004
2020-03-07,NewYorkTimes,biden,-0.016666666666666666
2020-03-07,NewYorkTimes,bloomberg,0.0
2020-03-07,NewYorkTimes,buttigieg,0.06891812865497075
2020-03-07,NewYorkTimes,sanders,0.05230364873222019
2020-03-07,NewYorkTimes,trump,0.01787362258953166
2020-03-07,NewYorkTimes,warren,-0.008333333333333331
2020-03-07,NewYorkTimes,yang,0.75
2020-03-08,AP,,0.25
2020-03-08,AP,biden,0.0765656565656566
2020-03-08,AP,sanders,0.14974896480331262
2020-03-08,AP,trump,0.11351858428030308
2020-03-08,AP,warren,0.0
2020-03-08,Breitbart,biden,0.05902777777777777
2020-03-08,Breitbart,sanders,0.16666666666666666
2020-03-08,Breitbart,trump,0.04875474671527303
2020-03-08,Fox,biden,0.04217248291540747
2020-03-08,Fox,gabbard,0.21623376623376617
2020-03-08,Fox,klobuchar,0.0
2020-03-08,Fox,sanders,0.06049382716049385
2020-03-08,Fox,trump,0.0435921717171717
2020-03-08,NBC,,0.21875
2020-03-08,NBC,biden,0.22381834215167556
2020-03-08,NBC,sanders,0.028583333333333336
2020-03-08,NBC,trump,0.18635416666666665
2020-03-08,NBC,warren,0.5
2020-03-08,NewYorkTimes,,0.06666666666666668
2020-03-08,NewYorkTimes,biden,0.05812006620830149
2020-03-08,NewYorkTimes,bloomberg,0.018939393939393936
2020-03-08,NewYorkTimes,buttigieg,0.0
2020-03-08,NewYorkTimes,klobuchar,0.0
2020-03-08,NewYorkTimes,sanders,0.11662409812409795
2020-03-08,NewYorkTimes,trump,0.04388698147318838
2020-03-08,NewYorkTimes,warren,0.04583333333333334
2020-03-09,AP,,0.049999999999999996
2020-03-09,AP,biden,0.0628516383987509
2020-03-09,AP,klobuchar,0.008459595959595964
2020-03-09,AP,sanders,0.1677281746031747
2020-03-09,AP,trump,0.07474172111324891
2020-03-09,AP,warren,0.35000000000000003
2020-03-09,AP,yang,0.0
2020-03-09,Breitbart,,0.0
2020-03-09,Breitbart,biden,0.03168244949494949
2020-03-09,Breitbart,sanders,-0.0015951178451178525
2020-03-09,Breitbart,trump,0.04535687473187472
2020-03-09,Breitbart,warren,0.13333333333333333
2020-03-09,Buzzfeed,,0.0
2020-03-09,Buzzfeed,biden,0.03397237682951969
2020-03-09,Buzzfeed,sanders,0.17276057276057272
2020-03-09,Buzzfeed,trump,0.0
2020-03-09,Buzzfeed,warren,0.08768707482993195
2020-03-09,Fox,biden,0.07677771503858452
2020-03-09,Fox,bloomberg,-0.025
2020-03-09,Fox,sanders,0.09799559717876574
2020-03-09,Fox,trump,0.028611092611092633
2020-03-09,Fox,warren,0.05833333333333334
2020-03-09,NBC,biden,0.04237012987012991
2020-03-09,NBC,bloomberg,0.03409090909090909
2020-03-09,NBC,buttigieg,0.0
2020-03-09,NBC,klobuchar,0.11161616161616161
2020-03-09,NBC,sanders,0.17941287878787895
2020-03-09,NBC,trump,0.13769179894179903
2020-03-09,NBC,warren,0.1162215909090909
2020-03-09,NewYorkTimes,,0.061408730158730156
2020-03-09,NewYorkTimes,biden,0.051270858770858796
2020-03-09,NewYorkTimes,gabbard,0.0
2020-03-09,NewYorkTimes,klobuchar,0.1590909090909091
2020-03-09,NewYorkTimes,sanders,0.09221692370129868
2020-03-09,NewYorkTimes,trump,0.06335183200474456
2020-03-09,NewYorkTimes,warren,0.007118055555555558
2020-03-09,NewYorkTimes,yang,-0.06666666666666665
2020-03-10,AP,,0.0
2020-03-10,AP,biden,0.07670034320034315
2020-03-10,AP,gabbard,-0.0625
2020-03-10,AP,sanders,0.12333518254161671
2020-03-10,AP,trump,0.0571281973195356
2020-03-10,Buzzfeed,,0.0
2020-03-10,Buzzfeed,biden,0.07414051226551227
2020-03-10,Buzzfeed,sanders,0.11702550717256596
2020-03-10,Buzzfeed,trump,-0.05187500000000001
2020-03-10,Fox,,0.0
2020-03-10,Fox,biden,0.024862938596491236
2020-03-10,Fox,bloomberg,-0.010729166666666654
2020-03-10,Fox,buttigieg,0.0
2020-03-10,Fox,gabbard,0.0
2020-03-10,Fox,klobuchar,0.0
2020-03-10,Fox,sanders,0.0771813725490196
2020-03-10,Fox,steyer,0.0
2020-03-10,Fox,trump,0.020288338875295377
2020-03-10,Fox,warren,-0.05454545454545455
2020-03-10,Fox,yang,-0.07106060606060606
2020-03-10,NBC,biden,0.08577350156618453
2020-03-10,NBC,klobuchar,0.0
2020-03-10,NBC,sanders,0.17373977873977875
2020-03-10,NBC,trump,0.04162109820004557
2020-03-10,NBC,warren,0.0
2020-03-10,NewYorkTimes,trump,0.023549107142857146
2020-03-11,AP,biden,0.07025566511677622
2020-03-11,AP,sanders,0.0847701302320867
2020-03-11,AP,trump,0.10270279600924766
2020-03-11,AP,yang,0.0
2020-03-11,Buzzfeed,biden,0.059085297418630764
2020-03-11,Buzzfeed,bloomberg,0.25
2020-03-11,Buzzfeed,sanders,0.09253292562816383
2020-03-11,Buzzfeed,trump,0.08943722943722944
2020-03-11,Buzzfeed,warren,0.030714285714285715
2020-03-11,Fox,,-0.028472222222222232
2020-03-11,Fox,biden,0.22171717171717178
2020-03-11,Fox,sanders,0.08217120181405893
2020-03-11,Fox,trump,0.17142857142857149
2020-03-11,NBC,,0.15432098765432098
2020-03-11,NBC,biden,0.12090687090687093
2020-03-11,NBC,klobuchar,0.13333333333333333
2020-03-11,NBC,sanders,0.16252708684912082
2020-03-11,NBC,trump,0.0947744539411206
2020-03-11,NBC,warren,0.0
2020-03-12,AP,,0.0
2020-03-12,AP,biden,0.0963038709802103
2020-03-12,AP,sanders,0.10470714285714283
2020-03-12,AP,trump,0.05101758898598851
2020-03-12,Breitbart,biden,0.0743741169131794
2020-03-12,Breitbart,bloomberg,0.071875
2020-03-12,Breitbart,sanders,0.04930555555555555
2020-03-12,Breitbart,trump,0.05942948332531668
2020-03-12,Buzzfeed,biden,0.01776094276094276
2020-03-12,Buzzfeed,sanders,0.06952380952380954
2020-03-12,Buzzfeed,trump,0.07635281385281383
2020-03-12,Buzzfeed,warren,0.125
2020-03-12,Fox,biden,0.03148111979166664
2020-03-12,Fox,sanders,0.04939249639249643
2020-03-12,Fox,trump,0.0786979059300488
2020-03-12,Fox,warren,0.16666666666666666
2020-03-12,NBC,biden,0.10763005050505048
2020-03-12,NBC,bloomberg,0.07186237373737374
2020-03-12,NBC,sanders,0.08798492063492068
2020-03-12,NBC,trump,0.04200411856661865
2020-03-12,NBC,warren,0.0
2020-03-12,NewYorkTimes,biden,-0.012500000000000011
2020-03-12,NewYorkTimes,sanders,0.07222222222222224
2020-03-12,NewYorkTimes,trump,0.11316319193923367
2020-03-13,AP,biden,0.092512077294686
2020-03-13,AP,bloomberg,0.18253968253968253
2020-03-13,AP,gabbard,0.125
2020-03-13,AP,sanders,0.05086570593149538
2020-03-13,AP,trump,0.0423890331890332
2020-03-13,AP,warren,0.14427083333333335
2020-03-13,Breitbart,,0.0
2020-03-13,Breitbart,biden,0.05685119047619048
2020-03-13,Breitbart,bloomberg,-0.0031249999999999993
2020-03-13,Breitbart,gabbard,0.11000000000000001
2020-03-13,Breitbart,sanders,0.125
2020-03-13,Breitbart,trump,0.05510593523891395
2020-03-13,Buzzfeed,biden,0.20000000000000004
2020-03-13,Buzzfeed,sanders,0.0
2020-03-13,Buzzfeed,trump,0.07707146654515082
2020-03-13,Fox,biden,0.06236774634096062
2020-03-13,Fox,buttigieg,0.0
2020-03-13,Fox,sanders,0.10797619047619045
2020-03-13,Fox,trump,0.08890144751082256
2020-03-13,NBC,biden,0.1526540919398062
2020-03-13,NBC,bloomberg,0.25
2020-03-13,NBC,sanders,0.2120535714285714
2020-03-13,NBC,trump,0.07830703100544373
2020-03-13,NewYorkTimes,biden,0.13119227994227997
2020-03-13,NewYorkTimes,sanders,0.08309607059607058
2020-03-13,NewYorkTimes,trump,0.058074520584210414
2020-03-13,NewYorkTimes,warren,0.0
2020-03-13,Politico,sanders,0.18327380952380953
2020-03-13,Politico,trump,0.04790913474411007
2020-03-13,Politico,warren,0.0
2020-03-13,WashingtonTimes,biden,0.01687195616883117
2020-03-13,WashingtonTimes,bloomberg,0.026623376623376625
2020-03-13,WashingtonTimes,klobuchar,0.06818181818181818
2020-03-13,WashingtonTimes,sanders,0.05128205128205127
2020-03-13,WashingtonTimes,trump,0.06971377738423189
2020-03-13,WashingtonTimes,warren,0.06818181818181818
2020-03-14,AP,biden,0.08192769532055245
2020-03-14,AP,bloomberg,0.0
2020-03-14,AP,sanders,0.12359693877551023
2020-03-14,AP,trump,0.06909621512746517
2020-03-14,Breitbart,biden,0.08202651515151516
2020-03-14,Breitbart,sanders,0.0876818783068783
2020-03-14,Breitbart,trump,0.0753540451094799
2020-03-14,Buzzfeed,biden,0.08112500000000006
2020-03-14,Buzzfeed,sanders,0.0
2020-03-14,Buzzfeed,warren,0.0
2020-03-14,Fox,biden,0.053564814814814794
2020-03-14,Fox,bloomberg,0.3333333333333333
2020-03-14,Fox,gabbard,0.0
2020-03-14,Fox,sanders,0.16547619047619055
2020-03-14,Fox,trump,0.006138768638768636
2020-03-14,Fox,yang,0.0
2020-03-14,NBC,,0.3666666666666667
2020-03-14,NBC,biden,0.1201080246913581
2020-03-14,NBC,sanders,0.005617519735166796
2020-03-14,NBC,trump,0.04565358754720458
2020-03-14,NewYorkTimes,,0.11340277777777776
2020-03-14,NewYorkTimes,biden,0.1307928832396918
2020-03-14,NewYorkTimes,gabbard,0.0
2020-03-14,NewYorkTimes,sanders,0.07268407761828816
2020-03-14,NewYorkTimes,trump,0.06890131165131158
2020-03-14,NewYorkTimes,warren,-0.09444444444444443
2020-03-14,Politico,,0.13333333333333333
2020-03-14,Politico,biden,0.13235367063492087
2020-03-14,Politico,sanders,0.09722222222222221
2020-03-14,Politico,trump,0.11357156643780827
2020-03-14,Politico,warren,0.0
2020-03-14,WashingtonTimes,trump,0.019486215538847128
2020-03-14,WashingtonTimes,yang,0.04772727272727272
2020-03-15,AP,,0.06818181818181818
2020-03-15,AP,biden,0.011070693709582606
2020-03-15,AP,sanders,0.10247730278980277
2020-03-15,AP,trump,0.017828610783156246
2020-03-15,AP,warren,0.14309523809523808
2020-03-15,Breitbart,biden,0.034128787878787877
2020-03-15,Breitbart,sanders,0.004100729517396173
2020-03-15,Breitbart,trump,0.08041112180001073
2020-03-15,Breitbart,yang,0.6666666666666666
2020-03-15,Buzzfeed,biden,0.059676067396655604
2020-03-15,Buzzfeed,bloomberg,0.125
2020-03-15,Buzzfeed,sanders,0.227169312169312
2020-03-15,Fox,biden,0.01992063492063492
2020-03-15,Fox,sanders,0.13761904761904767
2020-03-15,Fox,trump,-0.010317460317460319
2020-03-15,Fox,warren,0.0
2020-03-15,NBC,biden,0.0929898313492063
2020-03-15,NBC,gabbard,0.23750000000000002
2020-03-15,NBC,klobuchar,0.0
2020-03-15,NBC,sanders,0.11807795698924739
2020-03-15,NBC,trump,0.06767468888479526
2020-03-15,NBC,warren,0.08750000000000002
2020-03-15,NewYorkTimes,,0.10000000000000002
2020-03-15,NewYorkTimes,biden,0.06824130340841562
2020-03-15,NewYorkTimes,sanders,0.04920338303671646
2020-03-15,NewYorkTimes,trump,0.02624295954941114
2020-03-15,NewYorkTimes,warren,0.06666666666666667
2020-03-15,Politico,,-0.125
2020-03-15,Politico,biden,0.1892628205128205
2020-03-15,Politico,gabbard,0.0
2020-03-15,Politico,klobuchar,0.1444444444444444
2020-03-15,Politico,sanders,0.029981041417211637
2020-03-15,Politico,trump,0.13947405768834337
2020-03-15,WashingtonTimes,,-0.08
2020-03-15,WashingtonTimes,biden,0.021848828420257014
2020-03-15,WashingtonTimes,bloomberg,0.0
2020-03-15,WashingtonTimes,sanders,0.06076856843366273
2020-03-15,WashingtonTimes,trump,0.06770344959024199
2020-03-15,WashingtonTimes,warren,0.0
2020-03-16,AP,,-0.5458333333333334
2020-03-16,AP,biden,0.04979432633411333
2020-03-16,AP,sanders,0.02665425261013495
2020-03-16,AP,trump,0.06866210256659688
2020-03-16,Breitbart,biden,0.021025910364145656
2020-03-16,Breitbart,bloomberg,-0.029134199134199134
2020-03-16,Breitbart,buttigieg,0.03409090909090909
2020-03-16,Breitbart,klobuchar,0.0
2020-03-16,Breitbart,sanders,-0.03717757936507936
2020-03-16,Breitbart,steyer,0.0625
2020-03-16,Breitbart,trump,0.056211336972206545
2020-03-16,Breitbart,warren,0.1527777777777778
2020-03-16,Breitbart,yang,0.027976190476190474
2020-03-16,Buzzfeed,biden,0.05555555555555556
2020-03-16,Buzzfeed,gabbard,0.0
2020-03-16,Buzzfeed,trump,0.04246632996632997
2020-03-16,Buzzfeed,yang,0.03253968253968254
2020-03-16,Fox,,0.07222222222222222
2020-03-16,Fox,biden,0.08979151635401637
2020-03-16,Fox,bloomberg,0.10909090909090911
2020-03-16,Fox,gabbard,-0.041666666666666664
2020-03-16,Fox,sanders,0.16292533174886129
2020-03-16,Fox,trump,0.006724483275578164
2020-03-16,Fox,warren,-0.03452380952380952
2020-03-16,Fox,yang,0.11233766233766235
2020-03-16,NBC,,0.0
2020-03-16,NBC,biden,0.08477002164502169
2020-03-16,NBC,gabbard,0.0
2020-03-16,NBC,klobuchar,0.0
2020-03-16,NBC,sanders,0.11355436230436222
2020-03-16,NBC,trump,0.15105647174694775
2020-03-16,NBC,warren,0.30000000000000004
2020-03-16,NewYorkTimes,biden,0.10050245098039219
2020-03-16,NewYorkTimes,klobuchar,0.3333333333333333
2020-03-16,NewYorkTimes,sanders,0.061123786123786134
2020-03-16,NewYorkTimes,trump,0.05119198312236289
2020-03-16,NewYorkTimes,warren,0.25
2020-03-16,Politico,biden,0.08997646923783288
2020-03-16,Politico,sanders,0.10185185185185185
2020-03-16,Politico,trump,0.016360150049603166
2020-03-16,Politico,yang,-0.08666666666666666
2020-03-16,WashingtonTimes,,-0.04999999999999999
2020-03-16,WashingtonTimes,biden,0.07377450980392158
2020-03-16,WashingtonTimes,gabbard,0.06666666666666667
2020-03-16,WashingtonTimes,sanders,0.06233839429491604
2020-03-16,WashingtonTimes,trump,0.0743794625288131
2020-03-16,WashingtonTimes,yang,0.037500000000000006
2020-03-17,AP,biden,0.11492400419287219
2020-03-17,AP,sanders,0.12179894179894193
2020-03-17,AP,trump,0.03685842886537328
2020-03-17,Breitbart,,0.25
2020-03-17,Breitbart,biden,0.2095725776281332
2020-03-17,Breitbart,bloomberg,0.02158730158730159
2020-03-17,Breitbart,gabbard,0.0
2020-03-17,Breitbart,sanders,0.11424438380003164
2020-03-17,Breitbart,trump,0.06267043357159632
2020-03-17,Breitbart,warren,0.07373737373737373
2020-03-17,Breitbart,yang,0.05138888888888888
2020-03-17,Buzzfeed,biden,0.18648989898989893
2020-03-17,Buzzfeed,gabbard,0.0
2020-03-17,Buzzfeed,sanders,0.10833333333333335
2020-03-17,Buzzfeed,trump,0.225
2020-03-17,Fox,,0.05
2020-03-17,Fox,biden,0.13397917857823521
2020-03-17,Fox,bloomberg,0.04028003246753246
2020-03-17,Fox,gabbard,0.0
2020-03-17,Fox,klobuchar,0.0
2020-03-17,Fox,sanders,0.10973400605462748
2020-03-17,Fox,trump,0.11101412852609022
2020-03-17,Fox,warren,0.0
2020-03-17,Fox,yang,0.03333333333333333
2020-03-17,NBC,biden,0.16865740740740737
2020-03-17,NBC,gabbard,0.0
2020-03-17,NBC,sanders,0.12589181286549705
2020-03-17,NBC,trump,-0.0032629516453045863
2020-03-17,NewYorkTimes,biden,0.04915908029878619
2020-03-17,NewYorkTimes,gabbard,0.0
2020-03-17,NewYorkTimes,sanders,0.01321022727272726
2020-03-17,NewYorkTimes,trump,0.09040176293964171
2020-03-17,NewYorkTimes,yang,0.18833333333333332
2020-03-17,Politico,,0.08333333333333331
2020-03-17,Politico,biden,0.12988389182833615
2020-03-17,Politico,buttigieg,0.0
2020-03-17,Politico,klobuchar,-0.13333333333333333
2020-03-17,Politico,sanders,0.11439360340095626
2020-03-17,Politico,trump,0.1200960617347169
2020-03-17,Politico,warren,0.1761111111111111
2020-03-17,WashingtonTimes,biden,0.03961038961038965
2020-03-17,WashingtonTimes,bloomberg,-0.0625
2020-03-17,WashingtonTimes,sanders,0.09404761904761905
2020-03-17,WashingtonTimes,trump,0.027359949721060883
2020-03-17,WashingtonTimes,yang,0.03352272727272727
2020-03-18,AP,,0.05000000000000001
2020-03-18,AP,biden,0.1741533317872603
2020-03-18,AP,sanders,0.1074840106982965
2020-03-18,AP,trump,0.049118718390563136
2020-03-18,AP,yang,-0.041666666666666664
2020-03-18,Breitbart,,0.02
2020-03-18,Breitbart,biden,0.10025226757369617
2020-03-18,Breitbart,bloomberg,0.0
2020-03-18,Breitbart,sanders,0.11802992724867725
2020-03-18,Breitbart,steyer,0.03333333333333333
2020-03-18,Breitbart,trump,0.09740758132620551
2020-03-18,Breitbart,warren,0.039629629629629626
2020-03-18,Breitbart,yang,0.0
2020-03-18,Buzzfeed,sanders,0.0
2020-03-18,Buzzfeed,trump,0.01509313164485579
2020-03-18,Fox,,-0.008928571428571426
2020-03-18,Fox,biden,-0.004034914361001317
2020-03-18,Fox,gabbard,0.0
2020-03-18,Fox,sanders,0.10538382850026681
2020-03-18,Fox,trump,0.024725655278472137
2020-03-18,Fox,yang,0.06944444444444445
2020-03-18,NBC,,0.0
2020-03-18,NBC,biden,0.14002356150793657
2020-03-18,NBC,bloomberg,0.25
2020-03-18,NBC,buttigieg,0.0
2020-03-18,NBC,gabbard,-0.041666666666666664
2020-03-18,NBC,sanders,0.14520909090909084
2020-03-18,NBC,trump,0.07798969072164948
2020-03-18,NBC,warren,0.08333333333333333
2020-03-18,NBC,yang,-0.125
2020-03-18,NewYorkTimes,,0.1
2020-03-18,NewYorkTimes,biden,0.16195473251028802
2020-03-18,NewYorkTimes,sanders,0.10448634698634693
2020-03-18,NewYorkTimes,trump,0.11012692716640085
2020-03-18,NewYorkTimes,warren,0.09999999999999999
2020-03-18,Politico,,0.0
2020-03-18,Politico,biden,0.0
2020-03-18,Politico,sanders,0.0837420386127282
2020-03-18,Politico,trump,0.06656058236537679
2020-03-18,Politico,warren,0.047727272727272715
2020-03-18,Politico,yang,0.09999999999999999
2020-03-18,WashingtonTimes,,0.25
2020-03-18,WashingtonTimes,biden,0.10188943001443003
2020-03-18,WashingtonTimes,sanders,0.0172153635116598
2020-03-18,WashingtonTimes,trump,0.05630700189727968
2020-03-18,WashingtonTimes,warren,0.0
2020-03-19,AP,biden,0.13050595238095233
2020-03-19,AP,gabbard,0.1069651875901875
2020-03-19,AP,sanders,0.3302083333333334
2020-03-19,AP,trump,0.031357702181456976
2020-03-19,Breitbart,biden,0.012450133778258779
2020-03-19,Breitbart,bloomberg,0.04545454545454545
2020-03-19,Breitbart,gabbard,0.095
2020-03-19,Breitbart,klobuchar,0.18888888888888888
2020-03-19,Breitbart,sanders,0.3
2020-03-19,Breitbart,trump,0.08025835900835901
2020-03-19,Buzzfeed,biden,0.11666666666666668
2020-03-19,Buzzfeed,gabbard,0.06944444444444448
2020-03-19,Buzzfeed,sanders,0.0785714285714286
2020-03-19,Buzzfeed,trump,-0.16874999999999993
2020-03-19,Fox,biden,0.0552952380952381
2020-03-19,Fox,bloomberg,0.1590909090909091
2020-03-19,Fox,buttigieg,0.06999999999999999
2020-03-19,Fox,gabbard,0.03207070707070708
2020-03-19,Fox,sanders,0.05746969696969695
2020-03-19,Fox,trump,0.02168221365641998
2020-03-19,Fox,warren,0.004894179894179891
2020-03-19,Fox,yang,0.11666666666666668
2020-03-19,NBC,biden,0.25
2020-03-19,NBC,gabbard,0.03304924242424243
2020-03-19,NBC,sanders,0.1792857142857143
2020-03-19,NBC,trump,0.041373692973693
2020-03-19,NewYorkTimes,,0.75
2020-03-19,NewYorkTimes,biden,0.10277777777777772
2020-03-19,NewYorkTimes,klobuchar,0.06212121212121214
2020-03-19,NewYorkTimes,sanders,0.12499999999999999
2020-03-19,NewYorkTimes,trump,0.012087924701561054
2020-03-19,NewYorkTimes,warren,0.03333333333333333
2020-03-19,Politico,,0.0
2020-03-19,Politico,biden,0.06363981762917932
2020-03-19,Politico,bloomberg,-0.006597222222222221
2020-03-19,Politico,gabbard,0.17031249999999995
2020-03-19,Politico,klobuchar,-0.061125541125541125
2020-03-19,Politico,sanders,0.0
2020-03-19,Politico,trump,0.051536659363363886
2020-03-19,WashingtonTimes,biden,0.01557539682539682
2020-03-19,WashingtonTimes,bloomberg,0.23333333333333334
2020-03-19,WashingtonTimes,gabbard,0.11136363636363639
2020-03-19,WashingtonTimes,klobuchar,0.0
2020-03-19,WashingtonTimes,sanders,0.14872911139040162
2020-03-19,WashingtonTimes,trump,0.046183990922979506
2020-03-19,WashingtonTimes,warren,0.25
2020-03-20,AP,biden,0.1095619705313583
2020-03-20,AP,bloomberg,0.1208074534161492
2020-03-20,AP,sanders,0.11999999999999998
2020-03-20,AP,trump,0.05352540020083883
2020-03-20,Breitbart,biden,0.019187866606697777
2020-03-20,Breitbart,bloomberg,0.08201101928374656
2020-03-20,Breitbart,sanders,0.0
2020-03-20,Breitbart,trump,0.05226611650741006
2020-03-20,Breitbart,yang,0.037130230880230874
2020-03-20,Buzzfeed,biden,0.5250000000000001
2020-03-20,Buzzfeed,bloomberg,0.1260416666666666
2020-03-20,Buzzfeed,trump,-0.0046217757936508
2020-03-20,Fox,,-0.25
2020-03-20,Fox,biden,0.10694444444444443
2020-03-20,Fox,bloomberg,0.12835363269887082
2020-03-20,Fox,sanders,0.03833333333333334
2020-03-20,Fox,trump,0.06825904919269114
2020-03-20,Fox,warren,0.22083333333333327
2020-03-20,Fox,yang,0.09410468319559222
2020-03-20,NBC,,0.10000000000000002
2020-03-20,NBC,biden,0.15725589225589232
2020-03-20,NBC,bloomberg,-0.16086580086580082
2020-03-20,NBC,sanders,0.0
2020-03-20,NBC,trump,0.042687481747086475
2020-03-20,NBC,warren,0.23809523809523803
2020-03-20,NBC,yang,0.05878787878787877
2020-03-20,NewYorkTimes,biden,0.0
2020-03-20,NewYorkTimes,bloomberg,0.08497770562770558
2020-03-20,NewYorkTimes,sanders,0.0
2020-03-20,NewYorkTimes,trump,-0.05484014645198847
2020-03-20,Politico,biden,0.11534632034632034
2020-03-20,Politico,bloomberg,0.07868870780635487
2020-03-20,Politico,sanders,0.0
2020-03-20,Politico,trump,0.06330347865748272
2020-03-20,Politico,warren,0.09624368686868691
2020-03-20,WashingtonTimes,biden,0.5
2020-03-20,WashingtonTimes,bloomberg,0.07335858585858587
2020-03-20,WashingtonTimes,sanders,0.0
2020-03-20,WashingtonTimes,trump,0.05673179160021267
2020-03-21,AP,trump,-0.0030728661885378295
2020-03-21,Breitbart,sanders,0.08450186387686388
2020-03-21,Breitbart,trump,0.05613104781755574
2020-03-21,Breitbart,warren,0.15174903799903797
2020-03-21,Buzzfeed,trump,0.3203124999999999
2020-03-21,Fox,biden,0.04
2020-03-21,Fox,sanders,0.056944444444444464
2020-03-21,Fox,trump,0.04622143446123032
2020-03-21,Fox,warren,0.010185185185185186
2020-03-21,NBC,,0.0
2020-03-21,NBC,biden,0.11248234900020614
2020-03-21,NBC,sanders,0.050000000000000024
2020-03-21,NBC,trump,0.05340955340955334
2020-03-21,NewYorkTimes,,0.5
2020-03-21,NewYorkTimes,biden,0.03940058479532162
2020-03-21,NewYorkTimes,buttigieg,0.0
2020-03-21,NewYorkTimes,klobuchar,0.0
2020-03-21,NewYorkTimes,sanders,0.04747085702968055
2020-03-21,NewYorkTimes,trump,-0.004839789839789848
2020-03-21,NewYorkTimes,warren,-0.08333333333333333
2020-03-21,NewYorkTimes,yang,0.09999999999999999
2020-03-21,Politico,biden,0.12273122710622753
2020-03-21,Politico,bloomberg,0.10714285714285714
2020-03-21,Politico,sanders,0.05584415584415583
2020-03-21,Politico,trump,0.05667148482254164
2020-03-21,WashingtonTimes,biden,0.05224747474747475
2020-03-21,WashingtonTimes,sanders,0.25333333333333335
2020-03-21,WashingtonTimes,trump,0.007238220716481581
2020-03-22,AP,biden,0.15
2020-03-22,AP,trump,0.0688657999826911
2020-03-22,AP,warren,0.0
2020-03-22,Breitbart,,0.16666666666666666
2020-03-22,Breitbart,biden,0.0033035714285714335
2020-03-22,Breitbart,bloomberg,0.05333333333333334
2020-03-22,Breitbart,sanders,0.0
2020-03-22,Breitbart,trump,0.0512739440408932
2020-03-22,Breitbart,warren,-0.25277777777777777
2020-03-22,Fox,biden,0.021895600274313143
2020-03-22,Fox,sanders,-0.0235968992248062
2020-03-22,Fox,trump,0.059249989303897674
2020-03-22,Fox,warren,0.21538461538461537
2020-03-22,NBC,biden,0.0
2020-03-22,NBC,sanders,0.0
2020-03-22,NBC,trump,0.044318144535910334
2020-03-22,NBC,warren,0.0
2020-03-22,NewYorkTimes,biden,-0.009085648148148147
2020-03-22,NewYorkTimes,sanders,0.0375
2020-03-22,NewYorkTimes,trump,0.06884102347516984
2020-03-22,Politico,biden,0.07772145909645908
2020-03-22,Politico,bloomberg,0.0
2020-03-22,Politico,buttigieg,0.11538461538461539
2020-03-22,Politico,klobuchar,0.03421717171717171
2020-03-22,Politico,sanders,0.059201388888888866
2020-03-22,Politico,trump,0.08833562340824913
2020-03-22,Politico,warren,-0.014123376623376626
2020-03-22,WashingtonTimes,biden,0.016501377410468313
2020-03-22,WashingtonTimes,trump,0.05958223310335987
2020-03-23,AP,biden,0.05312499999999999
2020-03-23,AP,bloomberg,0.1595021645021645
2020-03-23,AP,klobuchar,0.11363636363636362
2020-03-23,AP,sanders,0.08214285714285711
2020-03-23,AP,trump,0.002665677557296057
2020-03-23,AP,warren,0.1199294532627866
2020-03-23,Breitbart,biden,0.05827922077922078
2020-03-23,Breitbart,bloomberg,0.0
2020-03-23,Breitbart,sanders,0.07094155844155844
2020-03-23,Breitbart,trump,0.07114329193151506
2020-03-23,Buzzfeed,bloomberg,0.01111111111111111
2020-03-23,Buzzfeed,trump,0.01694636093073594
2020-03-23,Fox,,0.5
2020-03-23,Fox,biden,0.0766562110206178
2020-03-23,Fox,bloomberg,0.0939957611832612
2020-03-23,Fox,klobuchar,-0.10223800505050508
2020-03-23,Fox,sanders,0.02441666666666668
2020-03-23,Fox,trump,0.05548934224131076
2020-03-23,Fox,warren,0.0
2020-03-23,NBC,biden,0.12603492552645118
2020-03-23,NBC,bloomberg,0.054166666666666655
2020-03-23,NBC,klobuchar,-0.07571428571428569
2020-03-23,NBC,sanders,0.0
2020-03-23,NBC,trump,0.06841397849462363
2020-03-23,NBC,warren,0.3555555555555555
2020-03-23,NewYorkTimes,biden,0.10385719775393693
2020-03-23,NewYorkTimes,trump,-0.028935185185185206
2020-03-23,Politico,biden,0.0481358225108225
2020-03-23,Politico,bloomberg,0.07545862146511488
2020-03-23,Politico,klobuchar,0.15185185185185188
2020-03-23,Politico,sanders,0.0
2020-03-23,Politico,trump,0.060121588519199284
2020-03-23,Politico,warren,0.0
2020-03-23,Politico,yang,0.0
2020-03-23,WashingtonTimes,biden,0.08052867965367964
2020-03-23,WashingtonTimes,bloomberg,0.02708333333333333
2020-03-23,WashingtonTimes,klobuchar,-0.060416666666666674
2020-03-23,WashingtonTimes,sanders,0.049999999999999996
2020-03-23,WashingtonTimes,trump,0.05323356867999718
2020-03-23,WashingtonTimes,warren,0.0
2020-03-24,AP,biden,0.05289772727272726
2020-03-24,AP,trump,0.07995850922156894
2020-03-24,Breitbart,biden,0.02951914983164983
2020-03-24,Breitbart,sanders,0.11302083333333333
2020-03-24,Breitbart,trump,0.08057656505843036
2020-03-24,Buzzfeed,trump,0.017442795299938158
2020-03-24,Fox,,0.19999999999999998
2020-03-24,Fox,biden,0.030106394434752676
2020-03-24,Fox,bloomberg,0.0
2020-03-24,Fox,gabbard,0.0
2020-03-24,Fox,sanders,0.0013468013468013482
2020-03-24,Fox,trump,0.06758498392769496
2020-03-24,Fox,warren,0.1416666666666667
2020-03-24,Fox,yang,0.0
2020-03-24,NBC,biden,0.0907486631016042
2020-03-24,NBC,bloomberg,0.1
2020-03-24,NBC,klobuchar,0.0
2020-03-24,NBC,sanders,0.0
2020-03-24,NBC,trump,0.1238746852375264
2020-03-24,NBC,warren,0.0
2020-03-24,NewYorkTimes,biden,0.16961279461279463
2020-03-24,NewYorkTimes,sanders,0.06212121212121211
2020-03-24,NewYorkTimes,trump,-0.00619921980091471
2020-03-24,Politico,,0.10625
2020-03-24,Politico,biden,-0.008005952380952381
2020-03-24,Politico,klobuchar,0.0
2020-03-24,Politico,sanders,0.19990487582592845
2020-03-24,Politico,trump,0.07989619282090515
2020-03-24,WashingtonTimes,,0.0
2020-03-24,WashingtonTimes,biden,0.14
2020-03-24,WashingtonTimes,bloomberg,0.04941390091390092
2020-03-24,WashingtonTimes,klobuchar,0.04329004329004328
2020-03-24,WashingtonTimes,trump,0.041620344675900235
2020-03-24,WashingtonTimes,warren,0.05000000000000003
2020-03-25,AP,biden,0.10478677975770996
2020-03-25,AP,sanders,0.07834595959595961
2020-03-25,AP,trump,0.13102908837616284
2020-03-25,Breitbart,biden,0.004261363636363637
2020-03-25,Breitbart,bloomberg,0.09603174603174602
2020-03-25,Breitbart,sanders,0.04621212121212121
2020-03-25,Breitbart,trump,0.06146000824572253
2020-03-25,Buzzfeed,sanders,0.09558823529411764
2020-03-25,Buzzfeed,trump,-0.021612191433047052
2020-03-25,Fox,,0.18593750000000006
2020-03-25,Fox,biden,0.021271587658513468
2020-03-25,Fox,klobuchar,0.0
2020-03-25,Fox,sanders,0.0849671717171717
2020-03-25,Fox,trump,0.019212000186193703
2020-03-25,Fox,warren,-0.03749999999999999
2020-03-25,NBC,,0.19999999999999998
2020-03-25,NBC,biden,0.18050426136363637
2020-03-25,NBC,sanders,0.18439520202020213
2020-03-25,NBC,trump,0.08082378091713789
2020-03-25,NBC,warren,0.0
2020-03-25,NewYorkTimes,biden,0.06182983682983684
2020-03-25,NewYorkTimes,sanders,0.1003787878787879
2020-03-25,NewYorkTimes,trump,0.052250180375180436
2020-03-25,Politico,biden,0.03236654040404039
2020-03-25,Politico,bloomberg,0.04545454545454544
2020-03-25,Politico,klobuchar,-0.15000000000000002
2020-03-25,Politico,sanders,0.06995159932659933
2020-03-25,Politico,trump,0.049678765567511274
2020-03-25,Politico,warren,0.25
2020-03-25,WashingtonTimes,biden,0.028335203890759473
2020-03-25,WashingtonTimes,klobuchar,0.049999999999999996
2020-03-25,WashingtonTimes,sanders,0.0625
2020-03-25,WashingtonTimes,trump,0.03857641394099728
2020-03-25,WashingtonTimes,warren,0.0
2020-03-26,AP,biden,0.0
2020-03-26,AP,trump,0.03991529357808423
2020-03-26,Breitbart,,0.25
2020-03-26,Breitbart,biden,0.09641408331009171
2020-03-26,Breitbart,bloomberg,0.12525252525252525
2020-03-26,Breitbart,sanders,0.10802830940988835
2020-03-26,Breitbart,trump,0.10432949695029527
2020-03-26,Breitbart,warren,0.0
2020-03-26,Breitbart,yang,-0.09722222222222221
2020-03-26,Fox,biden,0.04712062314103132
2020-03-26,Fox,bloomberg,0.23616071428571428
2020-03-26,Fox,klobuchar,0.0
2020-03-26,Fox,sanders,0.0
2020-03-26,Fox,trump,0.05537902252583993
2020-03-26,NBC,biden,0.12640331890331888
2020-03-26,NBC,sanders,0.0
2020-03-26,NBC,trump,0.071390992794054
2020-03-26,NewYorkTimes,,-0.18181818181818182
2020-03-26,NewYorkTimes,biden,0.0
2020-03-26,NewYorkTimes,sanders,0.11839691558441562
2020-03-26,NewYorkTimes,warren,0.21333333333333332
2020-03-26,Politico,biden,0.045634920634920646
2020-03-26,Politico,sanders,0.0
2020-03-26,Politico,trump,0.02619084667061844
2020-03-26,WashingtonTimes,biden,0.14677218614718618
2020-03-26,WashingtonTimes,klobuchar,-0.008730158730158736
2020-03-26,WashingtonTimes,sanders,0.10925925925925928
2020-03-26,WashingtonTimes,trump,0.03929734064244935
2020-03-26,WashingtonTimes,warren,0.04545454545454545
2020-03-27,AP,trump,0.09586517708996083
2020-03-27,Breitbart,biden,0.005746173469387746
2020-03-27,Breitbart,klobuchar,0.08035714285714285
2020-03-27,Breitbart,sanders,0.018928571428571423
2020-03-27,Breitbart,trump,0.07672923470291897
2020-03-27,Breitbart,warren,0.021428571428571432
2020-03-27,Buzzfeed,trump,-0.011706349206349212
2020-03-27,Fox,,0.0
2020-03-27,Fox,biden,0.017588129701531768
2020-03-27,Fox,bloomberg,0.10305023923444975
2020-03-27,Fox,sanders,0.08376623376623377
2020-03-27,Fox,trump,0.04647935096304663
2020-03-27,Fox,warren,0.0
2020-03-27,NBC,sanders,0.0
2020-03-27,NBC,trump,0.08931408868908867
2020-03-27,NewYorkTimes,biden,0.10954465058750774
2020-03-27,NewYorkTimes,sanders,0.16041666666666665
2020-03-27,NewYorkTimes,trump,-0.020600586061112373
2020-03-27,Politico,biden,0.1344600324229954
2020-03-27,Politico,bloomberg,0.18253968253968256
2020-03-27,Politico,klobuchar,0.10304576376004945
2020-03-27,Politico,sanders,0.15494412050534506
2020-03-27,Politico,trump,0.05160748628670815
2020-03-27,Politico,warren,0.0
2020-03-27,WashingtonTimes,biden,0.03409090909090909
2020-03-27,WashingtonTimes,klobuchar,0.18333333333333335
2020-03-27,WashingtonTimes,sanders,-0.11249999999999999
2020-03-27,WashingtonTimes,trump,0.03190805882858866
2020-03-28,AP,trump,0.06050272682478895
2020-03-28,Breitbart,biden,0.051190476190476196
2020-03-28,Breitbart,trump,0.045382796216129555
2020-03-28,Breitbart,yang,0.0
2020-03-28,Buzzfeed,trump,0.0
2020-03-28,Fox,klobuchar,0.0
2020-03-28,Fox,trump,0.1265462225946098
2020-03-28,NBC,biden,0.21770833333333334
2020-03-28,NBC,sanders,0.12273982683982683
2020-03-28,NBC,trump,0.0681017979661848
2020-03-28,NewYorkTimes,bloomberg,0.0
2020-03-28,NewYorkTimes,trump,0.010462644300144305
2020-03-28,Politico,biden,0.025012400793650795
2020-03-28,Politico,sanders,0.21875
2020-03-28,Politico,trump,0.03780635190804467
2020-03-28,Politico,warren,0.0576923076923077
2020-03-28,WashingtonTimes,sanders,-0.0625
2020-03-28,WashingtonTimes,trump,0.08540606641909963
2020-03-29,AP,,0.10000000000000003
2020-03-29,AP,biden,0.16933333333333334
2020-03-29,AP,klobuchar,-0.0014880952380952467
2020-03-29,AP,sanders,0.10317460317460318
2020-03-29,AP,trump,0.03009155945775664
2020-03-29,Breitbart,biden,0.21143939393939393
2020-03-29,Breitbart,sanders,0.13047619047619047
2020-03-29,Breitbart,trump,0.06772317725216274
2020-03-29,Breitbart,warren,0.4
2020-03-29,Buzzfeed,trump,0.0
2020-03-29,Fox,biden,0.1379632275132275
2020-03-29,Fox,trump,0.08244358967288892
2020-03-29,NBC,biden,-0.035208333333333335
2020-03-29,NBC,bloomberg,0.0
2020-03-29,NBC,klobuchar,-0.08333333333333333
2020-03-29,NBC,trump,0.07441868164730016
2020-03-29,NewYorkTimes,biden,-0.06284722222222223
2020-03-29,NewYorkTimes,bloomberg,-0.04871212121212122
2020-03-29,NewYorkTimes,trump,0.05495951579284912
2020-03-29,NewYorkTimes,yang,0.004285714285714283
2020-03-29,Politico,biden,0.002857142857142858
2020-03-29,Politico,trump,0.05481787187773108
2020-03-29,WashingtonTimes,biden,-0.0464923469387755
2020-03-29,WashingtonTimes,trump,0.0769855234371363
2020-03-29,WashingtonTimes,warren,0.0
2020-03-30,AP,biden,0.03666666666666667
2020-03-30,AP,trump,0.004142459392459384
2020-03-30,AP,warren,0.023333333333333334
2020-03-30,Breitbart,,0.0
2020-03-30,Breitbart,biden,0.08990935010367784
2020-03-30,Breitbart,sanders,-0.09062500000000001
2020-03-30,Breitbart,trump,0.054294373990690606
2020-03-30,Breitbart,warren,0.0
2020-03-30,Buzzfeed,trump,0.16666666666666669
2020-03-30,Fox,biden,0.11166513347763343
2020-03-30,Fox,buttigieg,0.0
2020-03-30,Fox,sanders,0.1292708333333333
2020-03-30,Fox,trump,0.02845879352129354
2020-03-30,Fox,warren,0.15454545454545454
2020-03-30,NBC,,-0.19444444444444445
2020-03-30,NBC,biden,0.12427248677248671
2020-03-30,NBC,sanders,0.030576923076923085
2020-03-30,NBC,trump,0.20222692290874114
2020-03-30,NewYorkTimes,biden,0.04661986661986662
2020-03-30,NewYorkTimes,bloomberg,0.0
2020-03-30,NewYorkTimes,sanders,0.5
2020-03-30,NewYorkTimes,steyer,0.5999999999999999
2020-03-30,NewYorkTimes,trump,0.09262325231075227
2020-03-30,Politico,,0.012500000000000002
2020-03-30,Politico,biden,0.09531250000000001
2020-03-30,Politico,sanders,0.15716145833333336
2020-03-30,Politico,trump,0.16652379102379092
2020-03-30,Politico,warren,0.0
2020-03-30,WashingtonTimes,,0.28571428571428564
2020-03-30,WashingtonTimes,biden,0.0687362258953168
2020-03-30,WashingtonTimes,sanders,0.0
2020-03-30,WashingtonTimes,trump,0.06771681660353539
2020-03-30,WashingtonTimes,warren,0.023333333333333338
2020-03-31,AP,biden,0.0
2020-03-31,AP,trump,0.05897381191432397
2020-03-31,Breitbart,biden,0.04633773964131107
2020-03-31,Breitbart,sanders,0.17685185185185184
2020-03-31,Breitbart,trump,0.04227822442108157
2020-03-31,Buzzfeed,trump,-0.1255
2020-03-31,Fox,biden,0.0726065768522665
2020-03-31,Fox,bloomberg,0.1555944055944056
2020-03-31,Fox,sanders,0.13337053571428575
2020-03-31,Fox,trump,0.034054359805237015
2020-03-31,NBC,biden,0.20555555555555552
2020-03-31,NBC,sanders,0.009788359788359789
2020-03-31,NBC,trump,0.10886851078815363
2020-03-31,NewYorkTimes,biden,0.06515610908189033
2020-03-31,NewYorkTimes,bloomberg,0.13636363636363635
2020-03-31,NewYorkTimes,klobuchar,0.0
2020-03-31,NewYorkTimes,sanders,0.05520833333333334
2020-03-31,NewYorkTimes,trump,0.07769640325561376
2020-03-31,NewYorkTimes,yang,0.1
2020-03-31,Politico,biden,0.020676461585552496
2020-03-31,Politico,bloomberg,0.21464646464646467
2020-03-31,Politico,buttigieg,-0.04471450617283949
2020-03-31,Politico,klobuchar,0.036607142857142845
2020-03-31,Politico,sanders,0.2
2020-03-31,Politico,trump,0.0407238517888956
2020-03-31,Politico,warren,0.1495535714285714
2020-03-31,Politico,yang,-0.009595959595959616
2020-03-31,WashingtonTimes,biden,0.07230769230769231
2020-03-31,WashingtonTimes,sanders,0.0935185185185185
2020-03-31,WashingtonTimes,trump,0.04824653815146774
2020-04-01,AP,biden,0.033664021164021174
2020-04-01,AP,sanders,-0.09166666666666667
2020-04-01,AP,trump,0.03322834436805028
2020-04-01,Breitbart,biden,0.16739718614718616
2020-04-01,Breitbart,bloomberg,0.25
2020-04-01,Breitbart,sanders,0.03533333333333333
2020-04-01,Breitbart,trump,0.022657308723884818
2020-04-01,Breitbart,warren,0.0
2020-04-01,Buzzfeed,biden,0.10821802584670225
2020-04-01,Buzzfeed,trump,0.08141882257953688
2020-04-01,Fox,,0.06791666666666667
2020-04-01,Fox,biden,0.03627363117531655
2020-04-01,Fox,bloomberg,0.2770833333333333
2020-04-01,Fox,klobuchar,0.0
2020-04-01,Fox,sanders,0.05634085213032578
2020-04-01,Fox,trump,0.052097590187590206
2020-04-01,Fox,warren,0.0
2020-04-01,NBC,biden,-0.12332251082251083
2020-04-01,NBC,bloomberg,0.1
2020-04-01,NBC,klobuchar,0.0
2020-04-01,NBC,sanders,0.05584415584415584
2020-04-01,NBC,trump,0.04511155950278221
2020-04-01,NBC,warren,0.0
2020-04-01,NewYorkTimes,,0.3151515151515151
2020-04-01,NewYorkTimes,biden,0.08382440476190477
2020-04-01,NewYorkTimes,buttigieg,0.0
2020-04-01,NewYorkTimes,klobuchar,-0.4
2020-04-01,NewYorkTimes,sanders,0.05025252525252527
2020-04-01,NewYorkTimes,trump,0.10600079164662503
2020-04-01,NewYorkTimes,warren,0.14285714285714288
2020-04-01,Politico,biden,0.043950757575757574
2020-04-01,Politico,sanders,0.18333333333333335
2020-04-01,Politico,trump,0.09578346134020177
2020-04-01,Politico,warren,-0.008110870610870615
2020-04-01,WashingtonTimes,biden,0.0277142857142857
2020-04-01,WashingtonTimes,bloomberg,0.22164502164502164
2020-04-01,WashingtonTimes,sanders,0.05000000000000001
2020-04-01,WashingtonTimes,trump,0.009353973245482674
2020-04-01,WashingtonTimes,warren,-0.5
2020-04-02,AP,,0.0
2020-04-02,AP,biden,0.14345238095238097
2020-04-02,AP,sanders,0.0072727272727272745
2020-04-02,AP,trump,0.031817010238438775
2020-04-02,AP,yang,0.03333333333333333
2020-04-02,Breitbart,,0.3
2020-04-02,Breitbart,biden,0.046071428571428576
2020-04-02,Breitbart,bloomberg,0.18106060606060606
2020-04-02,Breitbart,klobuchar,0.1875
2020-04-02,Breitbart,sanders,0.0
2020-04-02,Breitbart,trump,0.02044365021179537
2020-04-02,Fox,biden,0.10365022276638441
2020-04-02,Fox,bloomberg,-0.043939393939393945
2020-04-02,Fox,sanders,0.0
2020-04-02,Fox,trump,0.019320157099474787
2020-04-02,NBC,biden,0.15229330018486648
2020-04-02,NBC,bloomberg,0.16944444444444443
2020-04-02,NBC,sanders,0.19991258741258752
2020-04-02,NBC,trump,0.08463994547783871
2020-04-02,NBC,yang,0.0
2020-04-02,NewYorkTimes,,0.0
2020-04-02,NewYorkTimes,biden,0.07491379310344827
2020-04-02,NewYorkTimes,klobuchar,0.2027777777777778
2020-04-02,NewYorkTimes,sanders,0.025
2020-04-02,NewYorkTimes,trump,0.10618036627295883
2020-04-02,Politico,biden,0.014286616161616158
2020-04-02,Politico,bloomberg,0.13727272727272727
2020-04-02,Politico,sanders,0.0
2020-04-02,Politico,trump,0.041020287618092996
2020-04-02,Politico,warren,0.07291666666666667
2020-04-02,WashingtonTimes,,0.0
2020-04-02,WashingtonTimes,biden,0.0441048237476809
2020-04-02,WashingtonTimes,sanders,0.0375
2020-04-02,WashingtonTimes,trump,-0.01671504198612632
2020-04-02,WashingtonTimes,warren,0.11250000000000002
2020-04-03,AP,biden,-0.009375000000000008
2020-04-03,AP,sanders,0.0
2020-04-03,AP,trump,0.02229927791975984
2020-04-03,AP,warren,0.0
2020-04-03,Breitbart,,-0.08333333333333333
2020-04-03,Breitbart,biden,-0.035673076923076925
2020-04-03,Breitbart,bloomberg,0.0
2020-04-03,Breitbart,klobuchar,-0.05625
2020-04-03,Breitbart,sanders,0.040462962962962964
2020-04-03,Breitbart,trump,0.06306990358126723
2020-04-03,Breitbart,warren,0.0
2020-04-03,Breitbart,yang,0.003030303030303029
2020-04-03,Buzzfeed,biden,-0.13333333333333333
2020-04-03,Buzzfeed,bloomberg,0.0
2020-04-03,Buzzfeed,trump,0.039878139190065796
2020-04-03,Fox,,0.1464285714285714
2020-04-03,Fox,biden,0.05984124105799639
2020-04-03,Fox,bloomberg,0.10993556252176943
2020-04-03,Fox,sanders,0.06992248062015505
2020-04-03,Fox,trump,0.04653003927180881
2020-04-03,Fox,warren,0.0
2020-04-03,NBC,biden,-0.01657142857142857
2020-04-03,NBC,bloomberg,-0.07222222222222223
2020-04-03,NBC,sanders,0.0
2020-04-03,NBC,trump,0.05129998940396919
2020-04-03,NBC,warren,0.15
2020-04-03,NewYorkTimes,trump,0.058791329443503335
2020-04-03,Politico,,0.0
2020-04-03,Politico,biden,0.04495453637090329
2020-04-03,Politico,bloomberg,0.06818181818181818
2020-04-03,Politico,buttigieg,0.3499999999999999
2020-04-03,Politico,sanders,0.02705445544554455
2020-04-03,Politico,trump,0.06827140925388671
2020-04-03,Politico,warren,0.0
2020-04-03,WashingtonTimes,biden,0.03989197530864197
2020-04-03,WashingtonTimes,sanders,-0.15384615384615385
2020-04-03,WashingtonTimes,trump,-0.033535372369709715
2020-04-04,AP,biden,0.11841269841269841
2020-04-04,AP,sanders,0.4
2020-04-04,AP,trump,0.01722245670995671
2020-04-04,Breitbart,biden,-0.020833333333333332
2020-04-04,Breitbart,bloomberg,0.012500000000000004
2020-04-04,Breitbart,buttigieg,0.1568700396825397
2020-04-04,Breitbart,sanders,0.046590909090909086
2020-04-04,Breitbart,trump,0.047372685185185184
2020-04-04,Breitbart,warren,0.01875
2020-04-04,Breitbart,yang,0.0
2020-04-04,Buzzfeed,biden,-0.13333333333333333
2020-04-04,Buzzfeed,trump,-0.09601449275362314
2020-04-04,Fox,,-0.25
2020-04-04,Fox,biden,0.048611111111111105
2020-04-04,Fox,sanders,0.006249999999999999
2020-04-04,Fox,trump,-0.02140553663094647
2020-04-04,NBC,biden,0.06157407407407406
2020-04-04,NBC,klobuchar,0.0
2020-04-04,NBC,sanders,0.0
2020-04-04,NBC,trump,0.06352445191260983
2020-04-04,NBC,warren,0.0
2020-04-04,NewYorkTimes,,0.0
2020-04-04,NewYorkTimes,biden,0.047976190476190485
2020-04-04,NewYorkTimes,sanders,0.15833333333333335
2020-04-04,NewYorkTimes,trump,-0.016964285714285713
2020-04-04,Politico,biden,-0.4
2020-04-04,Politico,bloomberg,0.08499999999999999
2020-04-04,Politico,sanders,0.21428571428571427
2020-04-04,Politico,trump,0.03947431212477509
2020-04-04,WashingtonTimes,biden,0.004629629629629629
2020-04-04,WashingtonTimes,sanders,0.002857142857142858
2020-04-04,WashingtonTimes,trump,0.01315521284271284
2020-04-04,WashingtonTimes,yang,0.08333333333333333
2020-04-05,AP,biden,0.11359427609427611
2020-04-05,AP,sanders,0.0
2020-04-05,AP,trump,0.10170243694039567
2020-04-05,Breitbart,biden,0.1272546897546898
2020-04-05,Breitbart,bloomberg,0.1
2020-04-05,Breitbart,sanders,0.55
2020-04-05,Breitbart,trump,0.06368319559228651
2020-04-05,Fox,biden,0.01514550264550264
2020-04-05,Fox,sanders,-0.15000000000000002
2020-04-05,Fox,trump,0.07462171611068666
2020-04-05,NBC,biden,0.17534722222222224
2020-04-05,NBC,sanders,0.15246598639455783
2020-04-05,NBC,trump,0.018318785040096524
2020-04-05,NewYorkTimes,biden,0.0
2020-04-05,NewYorkTimes,bloomberg,0.06818181818181818
2020-04-05,NewYorkTimes,sanders,0.14801136363636366
2020-04-05,NewYorkTimes,trump,0.04180293868389105
2020-04-05,NewYorkTimes,warren,0.0
2020-04-05,NewYorkTimes,yang,0.08333333333333333
2020-04-05,Politico,,0.0
2020-04-05,Politico,biden,-0.07416666666666667
2020-04-05,Politico,klobuchar,0.07166666666666667
2020-04-05,Politico,sanders,0.10812563951200313
2020-04-05,Politico,trump,0.04834924189483934
2020-04-05,Politico,warren,0.7
2020-04-05,WashingtonTimes,biden,0.029204545454545452
2020-04-05,WashingtonTimes,trump,0.10658495987443356
2020-04-06,AP,biden,-0.02159174159174159
2020-04-06,AP,sanders,-0.085
2020-04-06,AP,trump,0.07339198532948532
2020-04-06,AP,warren,0.0
2020-04-06,Breitbart,biden,0.08934054153393775
2020-04-06,Breitbart,bloomberg,-0.05
2020-04-06,Breitbart,klobuchar,0.02
2020-04-06,Breitbart,trump,0.04826108884993183
2020-04-06,Breitbart,warren,0.0
2020-04-06,Buzzfeed,trump,0.05000000000000001
2020-04-06,Fox,,0.5
2020-04-06,Fox,biden,0.12482102520077212
2020-04-06,Fox,bloomberg,-0.006249999999999995
2020-04-06,Fox,sanders,0.11005509641873278
2020-04-06,Fox,trump,0.07288469017593248
2020-04-06,NBC,biden,0.024955570745044425
2020-04-06,NBC,sanders,0.255
2020-04-06,NBC,trump,0.08477440218511646
2020-04-06,NBC,warren,0.08333333333333333
2020-04-06,NewYorkTimes,,0.5
2020-04-06,NewYorkTimes,biden,0.1875
2020-04-06,NewYorkTimes,klobuchar,0.24464285714285716
2020-04-06,NewYorkTimes,sanders,0.06275378368401624
2020-04-06,NewYorkTimes,trump,0.05840450116440216
2020-04-06,Politico,biden,0.07884871644130903
2020-04-06,Politico,sanders,0.2
2020-04-06,Politico,trump,0.07605296479363642
2020-04-06,Politico,warren,0.0844017094017094
2020-04-06,WashingtonTimes,biden,0.1366600790513834
2020-04-06,WashingtonTimes,bloomberg,-0.025568181818181823
2020-04-06,WashingtonTimes,trump,0.08373164154414156
2020-04-07,AP,biden,0.05986111111111112
2020-04-07,AP,sanders,-0.03743042671614099
2020-04-07,AP,trump,0.06064085297418629
2020-04-07,Breitbart,biden,0.12851851851851853
2020-04-07,Breitbart,sanders,0.125
2020-04-07,Breitbart,trump,0.0227847734097734
2020-04-07,Breitbart,yang,0.016666666666666663
2020-04-07,Fox,,0.15210227272727272
2020-04-07,Fox,biden,0.10290674603174604
2020-04-07,Fox,sanders,0.07735119047619049
2020-04-07,Fox,trump,0.07882697725554874
2020-04-07,NBC,biden,0.10909090909090911
2020-04-07,NBC,klobuchar,0.12291666666666667
2020-04-07,NBC,sanders,0.0
2020-04-07,NBC,trump,0.025784725332139123
2020-04-07,NBC,warren,0.0
2020-04-07,NBC,yang,0.016666666666666663
2020-04-07,NewYorkTimes,biden,0.09269097222222222
2020-04-07,NewYorkTimes,sanders,0.0
2020-04-07,NewYorkTimes,trump,-0.059999999999999984
2020-04-07,Politico,biden,0.11054673721340386
2020-04-07,Politico,bloomberg,0.2583333333333333
2020-04-07,Politico,klobuchar,0.06818181818181818
2020-04-07,Politico,sanders,0.4
2020-04-07,Politico,trump,0.0547347536818491
2020-04-07,WashingtonTimes,,0.0
2020-04-07,WashingtonTimes,biden,0.07511434693252873
2020-04-07,WashingtonTimes,sanders,0.023181818181818185
2020-04-07,WashingtonTimes,trump,0.038170752468505285
2020-04-07,WashingtonTimes,warren,0.0
2020-04-08,AP,biden,0.07688802863802863
2020-04-08,AP,sanders,0.039918505902112475
2020-04-08,AP,trump,0.033760242543428395
2020-04-08,AP,warren,0.039583333333333325
2020-04-08,Breitbart,,0.20783730158730157
2020-04-08,Breitbart,biden,0.08922088271473518
2020-04-08,Breitbart,bloomberg,0.11818181818181818
2020-04-08,Breitbart,buttigieg,0.04583333333333332
2020-04-08,Breitbart,klobuchar,-0.08071428571428571
2020-04-08,Breitbart,sanders,0.0939786430193407
2020-04-08,Breitbart,trump,0.05454601254061684
2020-04-08,Breitbart,warren,0.13101190476190477
2020-04-08,Buzzfeed,,0.11515151515151516
2020-04-08,Buzzfeed,biden,0.027430555555555555
2020-04-08,Buzzfeed,klobuchar,0.08333333333333333
2020-04-08,Buzzfeed,sanders,0.10428823585711335
2020-04-08,Buzzfeed,trump,-0.009829059829059829
2020-04-08,Fox,,-0.027222222222222217
2020-04-08,Fox,biden,0.06130440115440115
2020-04-08,Fox,bloomberg,0.061616161616161604
2020-04-08,Fox,buttigieg,0.0
2020-04-08,Fox,klobuchar,0.0
2020-04-08,Fox,sanders,0.1034460001803752
2020-04-08,Fox,trump,0.0488214993818442
2020-04-08,Fox,warren,0.09115497076023393
2020-04-08,Fox,yang,0.2
2020-04-08,NBC,,0.18209876543209874
2020-04-08,NBC,biden,0.047726220538720554
2020-04-08,NBC,sanders,0.1307263368009542
2020-04-08,NBC,trump,0.0887217987326683
2020-04-08,NBC,warren,0.1
2020-04-08,NewYorkTimes,biden,0.0873404669517475
2020-04-08,NewYorkTimes,bloomberg,0.10774410774410774
2020-04-08,NewYorkTimes,buttigieg,0.0
2020-04-08,NewYorkTimes,klobuchar,-0.11785714285714285
2020-04-08,NewYorkTimes,sanders,0.04605824400467258
2020-04-08,NewYorkTimes,steyer,0.12222222222222225
2020-04-08,NewYorkTimes,trump,0.07425095492742555
2020-04-08,Politico,,0.12111111111111113
2020-04-08,Politico,biden,0.04356146499003642
2020-04-08,Politico,bloomberg,0.06818181818181818
2020-04-08,Politico,sanders,0.04714877649736805
2020-04-08,Politico,trump,0.04564664728576862
2020-04-08,Politico,warren,0.125
2020-04-08,WashingtonTimes,,0.0925925925925926
2020-04-08,WashingtonTimes,biden,0.13591534391534396
2020-04-08,WashingtonTimes,buttigieg,-0.03295454545454546
2020-04-08,WashingtonTimes,klobuchar,0.3333333333333333
2020-04-08,WashingtonTimes,sanders,0.08147351897351897
2020-04-08,WashingtonTimes,trump,0.0790537789835735
2020-04-08,WashingtonTimes,warren,-0.12708333333333335
2020-04-08,WashingtonTimes,yang,0.10250000000000002
2020-04-09,AP,biden,0.08747735003092144
2020-04-09,AP,sanders,0.21666666666666667
2020-04-09,AP,trump,0.004609134727505939
2020-04-09,AP,warren,0.0892361111111111
2020-04-09,Breitbart,,0.34
2020-04-09,Breitbart,biden,0.0695546514527996
2020-04-09,Breitbart,bloomberg,0.125
2020-04-09,Breitbart,buttigieg,0.325
2020-04-09,Breitbart,klobuchar,0.0
2020-04-09,Breitbart,sanders,0.07560823754789273
2020-04-09,Breitbart,trump,0.02962336782458734
2020-04-09,Breitbart,warren,0.028125000000000004
2020-04-09,Breitbart,yang,0.0
2020-04-09,Buzzfeed,,0.17272727272727273
2020-04-09,Buzzfeed,biden,-0.011111111111111113
2020-04-09,Buzzfeed,klobuchar,0.08333333333333333
2020-04-09,Buzzfeed,sanders,0.07888100727774643
2020-04-09,Buzzfeed,trump,0.01888888888888889
2020-04-09,Fox,,0.06666666666666667
2020-04-09,Fox,biden,0.054616973034180824
2020-04-09,Fox,bloomberg,0.09273809523809523
2020-04-09,Fox,buttigieg,-0.020833333333333332
2020-04-09,Fox,klobuchar,-0.007777777777777778
2020-04-09,Fox,sanders,0.11090734662163232
2020-04-09,Fox,trump,0.02381262091817648
2020-04-09,Fox,warren,0.07548701298701299
2020-04-09,Fox,yang,0.25
2020-04-09,NBC,,0.16444444444444445
2020-04-09,NBC,biden,0.01380027958152958
2020-04-09,NBC,sanders,0.11483201581027667
2020-04-09,NBC,trump,-0.0010064824743723816
2020-04-09,NBC,warren,0.1111111111111111
2020-04-09,NewYorkTimes,,0.07
2020-04-09,NewYorkTimes,biden,0.15931372549019612
2020-04-09,NewYorkTimes,sanders,0.008189655172413797
2020-04-09,NewYorkTimes,trump,0.11459183673469389
2020-04-09,NewYorkTimes,warren,0.16666666666666666
2020-04-09,Politico,,0.0
2020-04-09,Politico,biden,0.14604834305355138
2020-04-09,Politico,bloomberg,0.04017857142857143
2020-04-09,Politico,buttigieg,0.0
2020-04-09,Politico,klobuchar,0.26785714285714285
2020-04-09,Politico,sanders,0.1411865564990565
2020-04-09,Politico,trump,0.04815529212850641
2020-04-09,WashingtonTimes,biden,0.02818491032776747
2020-04-09,WashingtonTimes,klobuchar,0.03333333333333333
2020-04-09,WashingtonTimes,sanders,0.022123015873015878
2020-04-09,WashingtonTimes,trump,0.05963532677380715
2020-04-09,WashingtonTimes,warren,0.0375
2020-04-10,AP,biden,0.07702659121333817
2020-04-10,AP,bloomberg,0.19318181818181818
2020-04-10,AP,gabbard,0.0
2020-04-10,AP,sanders,0.0
2020-04-10,AP,trump,0.033512401096293706
2020-04-10,Breitbart,biden,0.06458333333333333
2020-04-10,Breitbart,klobuchar,0.175
2020-04-10,Breitbart,sanders,0.0
2020-04-10,Breitbart,trump,0.10904464093825793
2020-04-10,Breitbart,warren,0.21321969696969698
2020-04-10,Breitbart,yang,-0.04999999999999999
2020-04-10,Fox,,0.0
2020-04-10,Fox,biden,0.05508720849043428
2020-04-10,Fox,bloomberg,0.002191558441558439
2020-04-10,Fox,sanders,0.1095734126984127
2020-04-10,Fox,trump,0.0017508736325018274
2020-04-10,NBC,biden,0.16161405723905725
2020-04-10,NBC,bloomberg,0.0
2020-04-10,NBC,klobuchar,0.0
2020-04-10,NBC,sanders,0.05952380952380952
2020-04-10,NBC,trump,0.018166371158392442
2020-04-10,NBC,warren,0.0
2020-04-10,NewYorkTimes,biden,0.03333333333333333
2020-04-10,NewYorkTimes,bloomberg,0.3333333333333333
2020-04-10,NewYorkTimes,trump,0.0640580808080808
2020-04-10,NewYorkTimes,yang,0.0
2020-04-10,Politico,,0.0
2020-04-10,Politico,biden,0.0667304625199362
2020-04-10,Politico,buttigieg,0.26666666666666666
2020-04-10,Politico,sanders,0.08544799705125795
2020-04-10,Politico,trump,0.09927143875928604
2020-04-10,Politico,warren,0.011284722222222217
2020-04-10,WashingtonTimes,biden,0.08200189393939392
2020-04-10,WashingtonTimes,bloomberg,-0.015909090909090914
2020-04-10,WashingtonTimes,trump,-0.0070090091738642364
2020-04-10,WashingtonTimes,yang,0.09305555555555554
2020-04-11,AP,trump,0.07005100609267276
2020-04-11,Breitbart,biden,-0.02408854166666666
2020-04-11,Breitbart,sanders,0.1611020562770563
2020-04-11,Breitbart,trump,0.033024256491237615
2020-04-11,Buzzfeed,biden,-0.018518518518518528
2020-04-11,Buzzfeed,trump,0.05277777777777779
2020-04-11,Fox,biden,0.04166666666666667
2020-04-11,Fox,sanders,0.0
2020-04-11,Fox,trump,0.020599173553719017
2020-04-11,NBC,trump,0.03841185390464237
2020-04-11,NewYorkTimes,biden,0.07701122247317904
2020-04-11,NewYorkTimes,trump,0.06113483977708117
2020-04-11,Politico,biden,0.175
2020-04-11,Politico,trump,0.07582889386668455
2020-04-11,WashingtonTimes,biden,0.0
2020-04-11,WashingtonTimes,trump,0.06363636363636363
2020-04-12,AP,biden,0.4
2020-04-12,AP,gabbard,0.0
2020-04-12,AP,sanders,0.1388888888888889
2020-04-12,AP,trump,0.04810645446325827
2020-04-12,AP,warren,0.0
2020-04-12,Breitbart,biden,0.057963045487555286
2020-04-12,Breitbart,bloomberg,0.0
2020-04-12,Breitbart,sanders,0.0
2020-04-12,Breitbart,trump,0.06675452644202644
2020-04-12,Fox,,-0.041666666666666664
2020-04-12,Fox,biden,0.07206246685413353
2020-04-12,Fox,gabbard,0.0
2020-04-12,Fox,sanders,0.07777777777777778
2020-04-12,Fox,trump,0.031728612657184095
2020-04-12,Fox,warren,0.0
2020-04-12,NBC,,0.0
2020-04-12,NBC,biden,0.06904761904761905
2020-04-12,NBC,buttigieg,0.0
2020-04-12,NBC,sanders,0.18409090909090908
2020-04-12,NBC,trump,0.07099179498485053
2020-04-12,NewYorkTimes,biden,0.005625769894062573
2020-04-12,NewYorkTimes,sanders,0.09999999999999999
2020-04-12,NewYorkTimes,trump,0.0171904761904762
2020-04-12,NewYorkTimes,warren,0.7999999999999999
2020-04-12,Politico,biden,0.16160714285714284
2020-04-12,Politico,bloomberg,0.16
2020-04-12,Politico,sanders,-0.15555555555555556
2020-04-12,Politico,trump,0.09690697496947498
2020-04-12,WashingtonTimes,biden,0.10260667014977357
2020-04-12,WashingtonTimes,sanders,0.08750000000000002
2020-04-12,WashingtonTimes,trump,0.04185580425890505
2020-04-12,WashingtonTimes,warren,0.0
2020-04-13,AP,biden,0.08773599819331525
2020-04-13,AP,klobuchar,0.30476190476190473
2020-04-13,AP,sanders,0.06718223905723907
2020-04-13,AP,trump,0.0313296638603387
2020-04-13,AP,warren,-0.05555555555555555
2020-04-13,Breitbart,,0.3111111111111111
2020-04-13,Breitbart,biden,0.008648648648648647
2020-04-13,Breitbart,bloomberg,0.5
2020-04-13,Breitbart,sanders,0.09433637618420226
2020-04-13,Breitbart,trump,0.04402192190007316
2020-04-13,Breitbart,warren,0.0
2020-04-13,Buzzfeed,,0.25
2020-04-13,Buzzfeed,biden,0.45555555555555566
2020-04-13,Buzzfeed,sanders,-0.02291666666666667
2020-04-13,Fox,,0.05555555555555555
2020-04-13,Fox,biden,0.05345257529600965
2020-04-13,Fox,sanders,0.09382557189542484
2020-04-13,Fox,trump,0.04462295819490586
2020-04-13,Fox,warren,0.0
2020-04-13,NBC,biden,0.007705093260648818
2020-04-13,NBC,bloomberg,0.07
2020-04-13,NBC,sanders,0.07885714285714286
2020-04-13,NBC,trump,0.07230881785838685
2020-04-13,NBC,warren,0.0
2020-04-13,NewYorkTimes,,0.0
2020-04-13,NewYorkTimes,biden,0.04935502365657894
2020-04-13,NewYorkTimes,sanders,0.05453869047619048
2020-04-13,NewYorkTimes,trump,0.06133999433106576
2020-04-13,NewYorkTimes,warren,0.005208333333333333
2020-04-13,Politico,,0.20833333333333334
2020-04-13,Politico,biden,0.17711970899470902
2020-04-13,Politico,bloomberg,0.12708333333333333
2020-04-13,Politico,buttigieg,0.15833333333333333
2020-04-13,Politico,sanders,0.03136387422101708
2020-04-13,Politico,trump,0.06821174340856298
2020-04-13,Politico,warren,-0.125
2020-04-13,WashingtonTimes,,-0.09999999999999999
2020-04-13,WashingtonTimes,biden,0.025
2020-04-13,WashingtonTimes,klobuchar,0.0
2020-04-13,WashingtonTimes,sanders,0.045546372819100095
2020-04-13,WashingtonTimes,trump,0.024195394713687386
2020-04-14,AP,biden,0.09273550724637683
2020-04-14,AP,buttigieg,0.0
2020-04-14,AP,sanders,0.1501593314093314
2020-04-14,AP,trump,0.036359943621093016
2020-04-14,AP,warren,0.02
2020-04-14,Breitbart,biden,0.10409666518122401
2020-04-14,Breitbart,sanders,-0.13333333333333333
2020-04-14,Breitbart,trump,0.0319069894295798
2020-04-14,Buzzfeed,,0.09375
2020-04-14,Buzzfeed,biden,0.25416666666666665
2020-04-14,Buzzfeed,sanders,0.0375
2020-04-14,Buzzfeed,trump,0.023815476190476192
2020-04-14,Fox,biden,0.08659829023315864
2020-04-14,Fox,sanders,0.13035714285714287
2020-04-14,Fox,trump,0.0451142178651303
2020-04-14,NBC,,0.1875
2020-04-14,NBC,biden,0.08018425667159851
2020-04-14,NBC,klobuchar,0.11818181818181818
2020-04-14,NBC,sanders,0.04326923076923077
2020-04-14,NBC,trump,-0.01677829901352068
2020-04-14,NBC,warren,0.0
2020-04-14,NewYorkTimes,,0.1
2020-04-14,NewYorkTimes,biden,0.12608509911141494
2020-04-14,NewYorkTimes,buttigieg,0.125
2020-04-14,NewYorkTimes,sanders,0.08113688973063972
2020-04-14,NewYorkTimes,trump,0.07671865715983363
2020-04-14,Politico,,0.0
2020-04-14,Politico,biden,0.12560575998075998
2020-04-14,Politico,bloomberg,-0.10500000000000001
2020-04-14,Politico,klobuchar,0.0
2020-04-14,Politico,sanders,0.20833333333333331
2020-04-14,Politico,trump,0.08200944128863841
2020-04-14,Politico,warren,0.0
2020-04-14,WashingtonTimes,biden,0.0
2020-04-14,WashingtonTimes,sanders,0.0
2020-04-14,WashingtonTimes,trump,-0.01429743867243867
2020-04-14,WashingtonTimes,warren,0.0
2020-04-15,AP,biden,0.09882132132132133
2020-04-15,AP,sanders,0.06400000000000002
2020-04-15,AP,trump,0.1069215756273048
2020-04-15,AP,warren,0.23999999999999996
2020-04-15,Breitbart,,-0.16666666666666663
2020-04-15,Breitbart,biden,0.12196664446664446
2020-04-15,Breitbart,sanders,0.19400432900432898
2020-04-15,Breitbart,trump,0.04221370683579986
2020-04-15,Buzzfeed,biden,-0.018518518518518528
2020-04-15,Buzzfeed,trump,0.03976495726495726
2020-04-15,Buzzfeed,warren,-0.5
2020-04-15,Fox,,0.071875
2020-04-15,Fox,biden,0.07922092256529345
2020-04-15,Fox,bloomberg,0.0
2020-04-15,Fox,klobuchar,0.0
2020-04-15,Fox,sanders,0.0700720551378446
2020-04-15,Fox,trump,0.11225712272223903
2020-04-15,Fox,warren,0.21904761904761907
2020-04-15,Fox,yang,0.0
2020-04-15,NBC,biden,0.021820987654320983
2020-04-15,NBC,buttigieg,0.0
2020-04-15,NBC,sanders,0.08115643764837314
2020-04-15,NBC,trump,0.05119458229214327
2020-04-15,NBC,warren,0.0
2020-04-15,NewYorkTimes,biden,0.11479545454545453
2020-04-15,NewYorkTimes,buttigieg,-0.13333333333333333
2020-04-15,NewYorkTimes,sanders,0.075
2020-04-15,NewYorkTimes,trump,0.025732022607022606
2020-04-15,NewYorkTimes,warren,0.07428571428571429
2020-04-15,Politico,,0.25
2020-04-15,Politico,biden,0.1226459990268129
2020-04-15,Politico,bloomberg,0.0
2020-04-15,Politico,buttigieg,0.8
2020-04-15,Politico,klobuchar,-0.037500000000000006
2020-04-15,Politico,sanders,0.1721949221949222
2020-04-15,Politico,trump,0.05289312407391264
2020-04-15,Politico,warren,0.12350732600732602
2020-04-15,Politico,yang,-0.3
2020-04-15,WashingtonTimes,biden,0.0965257659007659
2020-04-15,WashingtonTimes,sanders,-0.15
2020-04-15,WashingtonTimes,trump,0.016049038287062247
2020-04-15,WashingtonTimes,warren,0.06507936507936508
2020-04-16,AP,biden,0.012128851540616251
2020-04-16,AP,klobuchar,0.0625
2020-04-16,AP,trump,0.06706187608687607
2020-04-16,AP,warren,0.0
2020-04-16,Breitbart,biden,0.04677456382001837
2020-04-16,Breitbart,buttigieg,0.11000000000000001
2020-04-16,Breitbart,sanders,0.0
2020-04-16,Breitbart,trump,0.022098565015231688
2020-04-16,Breitbart,warren,0.15
2020-04-16,Buzzfeed,trump,0.09350168350168349
2020-04-16,Fox,biden,0.040812232840534715
2020-04-16,Fox,bloomberg,0.03125
2020-04-16,Fox,klobuchar,0.2
2020-04-16,Fox,sanders,0.1133674406401679
2020-04-16,Fox,trump,0.06136044290806197
2020-04-16,Fox,warren,0.0
2020-04-16,NBC,biden,0.033135198135198135
2020-04-16,NBC,sanders,0.05871212121212121
2020-04-16,NBC,trump,0.11296356979793512
2020-04-16,NBC,warren,0.06469135802469135
2020-04-16,Politico,,0.4
2020-04-16,Politico,biden,0.11757573415040949
2020-04-16,Politico,gabbard,0.2875
2020-04-16,Politico,klobuchar,0.13636363636363633
2020-04-16,Politico,sanders,0.22064604377104377
2020-04-16,Politico,trump,0.08952475918121618
2020-04-16,Politico,warren,0.1
2020-04-16,WashingtonTimes,biden,0.1277861251402918
2020-04-16,WashingtonTimes,klobuchar,0.08333333333333333
2020-04-16,WashingtonTimes,sanders,0.0
2020-04-16,WashingtonTimes,steyer,0.0007575757575757555
2020-04-16,WashingtonTimes,trump,0.06388823953823954
2020-04-16,WashingtonTimes,warren,0.05
2020-04-17,AP,biden,0.2958333333333333
2020-04-17,AP,trump,0.08634892181371055
2020-04-17,Breitbart,biden,0.07274271284271284
2020-04-17,Breitbart,klobuchar,0.0
2020-04-17,Breitbart,sanders,0.17142857142857143
2020-04-17,Breitbart,trump,0.07074242501325836
2020-04-17,Breitbart,warren,0.0
2020-04-17,Buzzfeed,trump,-0.06283950617283951
2020-04-17,Fox,biden,0.08971091408591406
2020-04-17,Fox,bloomberg,-0.02500000000000001
2020-04-17,Fox,gabbard,0.0
2020-04-17,Fox,klobuchar,0.0
2020-04-17,Fox,sanders,0.08253968253968254
2020-04-17,Fox,trump,0.06490822926074727
2020-04-17,Fox,warren,0.0
2020-04-17,NBC,biden,0.07888888888888888
2020-04-17,NBC,bloomberg,0.0
2020-04-17,NBC,trump,0.0727081705441389
2020-04-17,Politico,biden,0.04210301062573791
2020-04-17,Politico,bloomberg,0.6
2020-04-17,Politico,sanders,0.0
2020-04-17,Politico,trump,0.059286063398966624
2020-04-17,Politico,warren,0.0
2020-04-17,WashingtonTimes,biden,0.19166666666666668
2020-04-17,WashingtonTimes,trump,-0.0511132302041393
2020-04-17,WashingtonTimes,warren,0.0
2020-04-17,WashingtonTimes,yang,0.175
2020-04-18,Breitbart,biden,0.23785714285714288
2020-04-18,Breitbart,sanders,-0.014285714285714282
2020-04-18,Breitbart,trump,0.07608662381389657
2020-04-18,Fox,biden,0.11038461538461537
2020-04-18,Fox,trump,0.03363013778336359
2020-04-18,NBC,biden,-0.1274691358024691
2020-04-18,NBC,trump,0.06626154841093865
2020-04-18,Politico,biden,0.1274621212121212
2020-04-18,Politico,trump,0.08096270980481504
2020-04-18,WashingtonTimes,biden,0.3
2020-04-18,WashingtonTimes,trump,0.021258065051168507
2020-04-18,WashingtonTimes,warren,0.0
2020-04-19,Breitbart,biden,0.07447916666666665
2020-04-19,Breitbart,trump,0.04874000420875421
2020-04-19,Fox,trump,0.1037037037037037
